Zip Code,City,County
90001,Los Angeles,Los Angeles
90002,Los Angeles,Los Angeles
90003,Los Angeles,Los Angeles
90004,Los Angeles,Los Angeles
90005,Los Angeles,Los Angeles
90006,Los Angeles,Los Angeles
90007,Los Angeles,Los Angeles
90008,Los Angeles,Los Angeles
90010,Los Angeles,Los Angeles
90011,Los Angeles,Los Angeles
90012,Los Angeles,Los Angeles
90013,Los Angeles,Los Angeles
90014,Los Angeles,Los Angeles
90015,Los Angeles,Los Angeles
90016,Los Angeles,Los Angeles
90017,Los Angeles,Los Angeles
90018,Los Angeles,Los Angeles
90019,Los Angeles,Los Angeles
90020,Los Angeles,Los Angeles
90021,Los Angeles,Los Angeles
90022,Los Angeles,Los Angeles
90023,Los Angeles,Los Angeles
90024,Los Angeles,Los Angeles
90025,Los Angeles,Los Angeles
90026,Los Angeles,Los Angeles
90027,Los Angeles,Los Angeles
90028,Los Angeles,Los Angeles
90029,Los Angeles,Los Angeles
90031,Los Angeles,Los Angeles
90032,Los Angeles,Los Angeles
90033,Los Angeles,Los Angeles
90034,Los Angeles,Los Angeles
90035,Los Angeles,Los Angeles
90036,Los Angeles,Los Angeles
90037,Los Angeles,Los Angeles
90038,Los Angeles,Los Angeles
90039,Los Angeles,Los Angeles
90040,Los Angeles,Los Angeles
90041,Los Angeles,Los Angeles
90042,Los Angeles,Los Angeles
90043,Los Angeles,Los Angeles
90044,Los Angeles,Los Angeles
90045,Los Angeles,Los Angeles
90046,Los Angeles,Los Angeles
90047,Los Angeles,Los Angeles
90048,Los Angeles,Los Angeles
90049,Los Angeles,Los Angeles
90056,Los Angeles,Los Angeles
90057,Los Angeles,Los Angeles
90058,Los Angeles,Los Angeles
90059,Los Angeles,Los Angeles
90061,Los Angeles,Los Angeles
90062,Los Angeles,Los Angeles
90063,Los Angeles,Los Angeles
90064,Los Angeles,Los Angeles
90065,Los Angeles,Los Angeles
90066,Los Angeles,Los Angeles
90067,Los Angeles,Los Angeles
90068,Los Angeles,Los Angeles
90069,West Hollywood,Los Angeles
90071,Los Angeles,Los Angeles
90077,Los Angeles,Los Angeles
90079,Los Angeles,Los Angeles
90094,Playa Vista,Los Angeles
90201,Bell Gardens,Los Angeles
90210,Beverly Hills,Los Angeles
90211,Beverly Hills,Los Angeles
90212,Beverly Hills,Los Angeles
90220,Compton,Los Angeles
90221,Compton,Los Angeles
90222,Compton,Los Angeles
90230,Culver City,Los Angeles
90232,Culver City,Los Angeles
90240,Downey,Los Angeles
90241,Downey,Los Angeles
90242,Downey,Los Angeles
90245,El Segundo,Los Angeles
90247,Gardena,Los Angeles
90248,Gardena,Los Angeles
90249,Gardena,Los Angeles
90250,Hawthorne,Los Angeles
90254,Hermosa Beach,Los Angeles
90255,Huntington Park,Los Angeles
90260,Lawndale,Los Angeles
90262,Lynwood,Los Angeles
90265,Malibu,Los Angeles
90266,Manhattan Beach,Los Angeles
90270,Maywood,Los Angeles
90272,Pacific Palisades,Los Angeles
90274,Palos Verdes Peninsula,Los Angeles
90275,Rancho Palos Verdes,Los Angeles
90277,Redondo Beach,Los Angeles
90278,Redondo Beach,Los Angeles
90280,South Gate,Los Angeles
90290,Topanga,Los Angeles
90291,Venice,Los Angeles
90292,Marina Del Rey,Los Angeles
90293,Playa Del Rey,Los Angeles
90301,Inglewood,Los Angeles
90302,Inglewood,Los Angeles
90303,Inglewood,Los Angeles
90304,Inglewood,Los Angeles
90305,Inglewood,Los Angeles
90401,Santa Monica,Los Angeles
90402,Santa Monica,Los Angeles
90403,Santa Monica,Los Angeles
90404,Santa Monica,Los Angeles
90405,Santa Monica,Los Angeles
90501,Torrance,Los Angeles
90502,Torrance,Los Angeles
90503,Torrance,Los Angeles
90504,Torrance,Los Angeles
90505,Torrance,Los Angeles
90506,Torrance,Los Angeles
90601,Whittier,Los Angeles
90602,Whittier,Los Angeles
90603,Whittier,Los Angeles
90604,Whittier,Los Angeles
90605,Whittier,Los Angeles
90606,Whittier,Los Angeles
90620,Buena Park,Orange
90621,Buena Park,Orange
90623,La Palma,Orange
90630,Cypress,Orange
90631,La Habra,Orange
90638,La Mirada,Los Angeles
90640,Montebello,Los Angeles
90650,Norwalk,Los Angeles
90660,Pico Rivera,Los Angeles
90670,Santa Fe Springs,Los Angeles
90680,Stanton,Orange
90701,Artesia,Los Angeles
90703,Cerritos,Los Angeles
90706,Bellflower,Los Angeles
90710,Harbor City,Los Angeles
90712,Lakewood,Los Angeles
90713,Lakewood,Los Angeles
90715,Lakewood,Los Angeles
90716,Hawaiian Gardens,Los Angeles
90717,Lomita,Los Angeles
90720,Los Alamitos,Orange
90723,Paramount,Los Angeles
90731,San Pedro,Los Angeles
90732,San Pedro,Los Angeles
90740,Seal Beach,Orange
90744,Wilmington,Los Angeles
90745,Carson,Los Angeles
90746,Carson,Los Angeles
90755,Signal Hill,Los Angeles
90802,Long Beach,Los Angeles
90803,Long Beach,Los Angeles
90804,Long Beach,Los Angeles
90805,Long Beach,Los Angeles
90806,Long Beach,Los Angeles
90807,Long Beach,Los Angeles
90808,Long Beach,Los Angeles
90810,Long Beach,Los Angeles
90813,Long Beach,Los Angeles
90814,Long Beach,Los Angeles
90815,Long Beach,Los Angeles
90822,Long Beach,Los Angeles
90831,Long Beach,Los Angeles
91001,Altadena,Los Angeles
91006,Arcadia,Los Angeles
91007,Arcadia,Los Angeles
91008,Duarte,Los Angeles
91010,Duarte,Los Angeles
91011,La Canada Flintridge,Los Angeles
91016,Monrovia,Los Angeles
91020,Montrose,Los Angeles
91024,Sierra Madre,Los Angeles
91030,South Pasadena,Los Angeles
91040,Sunland,Los Angeles
91042,Tujunga,Los Angeles
91101,Pasadena,Los Angeles
91103,Pasadena,Los Angeles
91104,Pasadena,Los Angeles
91105,Pasadena,Los Angeles
91106,Pasadena,Los Angeles
91107,Pasadena,Los Angeles
91108,San Marino,Los Angeles
91201,Glendale,Los Angeles
91202,Glendale,Los Angeles
91203,Glendale,Los Angeles
91204,Glendale,Los Angeles
91205,Glendale,Los Angeles
91206,Glendale,Los Angeles
91207,Glendale,Los Angeles
91208,Glendale,Los Angeles
91210,Glendale,Los Angeles
91214,La Crescenta,Los Angeles
91301,Agoura Hills,Los Angeles
91302,Calabasas,Los Angeles
91303,Canoga Park,Los Angeles
91304,Canoga Park,Los Angeles
91306,Winnetka,Los Angeles
91307,West Hills,Los Angeles
91311,Chatsworth,Los Angeles
91316,Encino,Los Angeles
91320,Newbury Park,Ventura
91321,Newhall,Los Angeles
91324,Northridge,Los Angeles
91325,Northridge,Los Angeles
91326,Porter Ranch,Los Angeles
91331,Pacoima,Los Angeles
91335,Reseda,Los Angeles
91340,San Fernando,Los Angeles
91342,Sylmar,Los Angeles
91343,North Hills,Los Angeles
91344,Granada Hills,Los Angeles
91345,Mission Hills,Los Angeles
91350,Santa Clarita,Los Angeles
91351,Canyon Country,Los Angeles
91352,Sun Valley,Los Angeles
91354,Valencia,Los Angeles
91355,Valencia,Los Angeles
91356,Tarzana,Los Angeles
91360,Thousand Oaks,Ventura
91361,Westlake Village,Ventura
91362,Thousand Oaks,Ventura
91364,Woodland Hills,Los Angeles
91367,Woodland Hills,Los Angeles
91377,Oak Park,Ventura
91381,Stevenson Ranch,Los Angeles
91384,Castaic,Los Angeles
91387,Canyon Country,Los Angeles
91390,Santa Clarita,Los Angeles
91401,Van Nuys,Los Angeles
91402,Panorama City,Los Angeles
91403,Sherman Oaks,Los Angeles
91405,Van Nuys,Los Angeles
91406,Van Nuys,Los Angeles
91411,Van Nuys,Los Angeles
91423,Sherman Oaks,Los Angeles
91436,Encino,Los Angeles
91501,Burbank,Los Angeles
91502,Burbank,Los Angeles
91504,Burbank,Los Angeles
91505,Burbank,Los Angeles
91506,Burbank,Los Angeles
91601,North Hollywood,Los Angeles
91602,North Hollywood,Los Angeles
91604,Studio City,Los Angeles
91605,North Hollywood,Los Angeles
91606,North Hollywood,Los Angeles
91607,Valley Village,Los Angeles
91608,Universal City,Los Angeles
91701,Rancho Cucamonga,San Bernardino
91702,Azusa,Los Angeles
91706,Baldwin Park,Los Angeles
91708,Chino,San Bernardino
91709,Chino Hills,San Bernardino
91710,Chino,San Bernardino
91711,Claremont,Los Angeles
91722,Covina,Los Angeles
91723,Covina,Los Angeles
91724,Covina,Los Angeles
91730,Rancho Cucamonga,San Bernardino
91731,El Monte,Los Angeles
91732,El Monte,Los Angeles
91733,South El Monte,Los Angeles
91737,Rancho Cucamonga,San Bernardino
91739,Rancho Cucamonga,San Bernardino
91740,Glendora,Los Angeles
91741,Glendora,Los Angeles
91744,La Puente,Los Angeles
91745,Hacienda Heights,Los Angeles
91746,La Puente,Los Angeles
91748,Rowland Heights,Los Angeles
91750,La Verne,Los Angeles
91752,Mira Loma,Riverside
91754,Monterey Park,Los Angeles
91755,Monterey Park,Los Angeles
91761,Ontario,San Bernardino
91762,Ontario,San Bernardino
91763,Montclair,San Bernardino
91764,Ontario,San Bernardino
91765,Diamond Bar,Los Angeles
91766,Pomona,Los Angeles
91767,Pomona,Los Angeles
91768,Pomona,Los Angeles
91770,Rosemead,Los Angeles
91773,San Dimas,Los Angeles
91775,San Gabriel,Los Angeles
91776,San Gabriel,Los Angeles
91780,Temple City,Los Angeles
91784,Upland,San Bernardino
91786,Upland,San Bernardino
91789,Walnut,Los Angeles
91790,West Covina,Los Angeles
91791,West Covina,Los Angeles
91792,West Covina,Los Angeles
91801,Alhambra,Los Angeles
91803,Alhambra,Los Angeles
91901,Alpine,San Diego
91902,Bonita,San Diego
91905,Boulevard,San Diego
91906,Campo,San Diego
91910,Chula Vista,San Diego
91911,Chula Vista,San Diego
91913,Chula Vista,San Diego
91914,Chula Vista,San Diego
91915,Chula Vista,San Diego
91916,Descanso,San Diego
91917,Dulzura,San Diego
91932,Imperial Beach,San Diego
91934,Jacumba,San Diego
91935,Jamul,San Diego
91941,La Mesa,San Diego
91942,La Mesa,San Diego
91945,Lemon Grove,San Diego
91950,National City,San Diego
91962,Pine Valley,San Diego
91963,Potrero,San Diego
91977,Spring Valley,San Diego
91978,Spring Valley,San Diego
91980,Tecate,San Diego
92003,Bonsall,San Diego
92004,Borrego Springs,San Diego
92007,Cardiff By The Sea,San Diego
92008,Carlsbad,San Diego
92009,Carlsbad,San Diego
92010,Carlsbad,San Diego
92011,Carlsbad,San Diego
92014,Del Mar,San Diego
92019,El Cajon,San Diego
92020,El Cajon,San Diego
92021,El Cajon,San Diego
92024,Encinitas,San Diego
92025,Escondido,San Diego
92026,Escondido,San Diego
92027,Escondido,San Diego
92028,Fallbrook,San Diego
92029,Escondido,San Diego
92036,Julian,San Diego
92037,La Jolla,San Diego
92040,Lakeside,San Diego
92054,Oceanside,San Diego
92056,Oceanside,San Diego
92057,Oceanside,San Diego
92058,Oceanside,San Diego
92059,Pala,San Diego
92061,Pauma Valley,San Diego
92064,Poway,San Diego
92065,Ramona,San Diego
92066,Ranchita,San Diego
92069,San Marcos,San Diego
92070,Santa Ysabel,San Diego
92071,Santee,San Diego
92075,Solana Beach,San Diego
92078,San Marcos,San Diego
92081,Vista,San Diego
92082,Valley Center,San Diego
92083,Vista,San Diego
92084,Vista,San Diego
92086,Warner Springs,San Diego
92091,Rancho Santa Fe,San Diego
92101,San Diego,San Diego
92102,San Diego,San Diego
92103,San Diego,San Diego
92104,San Diego,San Diego
92105,San Diego,San Diego
92106,San Diego,San Diego
92107,San Diego,San Diego
92108,San Diego,San Diego
92109,San Diego,San Diego
92110,San Diego,San Diego
92111,San Diego,San Diego
92113,San Diego,San Diego
92114,San Diego,San Diego
92115,San Diego,San Diego
92116,San Diego,San Diego
92117,San Diego,San Diego
92118,Coronado,San Diego
92119,San Diego,San Diego
92120,San Diego,San Diego
92121,San Diego,San Diego
92122,San Diego,San Diego
92123,San Diego,San Diego
92124,San Diego,San Diego
92126,San Diego,San Diego
92127,San Diego,San Diego
92128,San Diego,San Diego
92129,San Diego,San Diego
92130,San Diego,San Diego
92131,San Diego,San Diego
92139,San Diego,San Diego
92154,San Diego,San Diego
92173,San Ysidro,San Diego
92201,Indio,Riverside
92203,Indio,Riverside
92210,Indian Wells,Riverside
92211,Palm Desert,Riverside
92220,Banning,Riverside
92223,Beaumont,Riverside
92225,Blythe,Riverside
92227,Brawley,Imperial
92230,Cabazon,Riverside
92231,Calexico,Imperial
92233,Calipatria,Imperial
92234,Cathedral City,Riverside
92236,Coachella,Riverside
92240,Desert Hot Springs,Riverside
92241,Desert Hot Springs,Riverside
92242,Earp,San Bernardino
92243,El Centro,Imperial
92249,Heber,Imperial
92250,Holtville,Imperial
92251,Imperial,Imperial
92252,Joshua Tree,San Bernardino
92253,La Quinta,Riverside
92254,Mecca,Riverside
92256,Morongo Valley,San Bernardino
92257,Niland,Imperial
92260,Palm Desert,Riverside
92262,Palm Springs,Riverside
92264,Palm Springs,Riverside
92270,Rancho Mirage,Riverside
92274,Thermal,Riverside
92276,Thousand Palms,Riverside
92277,Twentynine Palms,San Bernardino
92280,Vidal,San Bernardino
92282,Whitewater,Riverside
92283,Winterhaven,Imperial
92284,Yucca Valley,San Bernardino
92285,Landers,San Bernardino
92301,Adelanto,San Bernardino
92305,Angelus Oaks,San Bernardino
92307,Apple Valley,San Bernardino
92308,Apple Valley,San Bernardino
92309,Baker,San Bernardino
92310,Fort Irwin,San Bernardino
92311,Barstow,San Bernardino
92313,Grand Terrace,San Bernardino
92314,Big Bear City,San Bernardino
92315,Big Bear Lake,San Bernardino
92316,Bloomington,San Bernardino
92320,Calimesa,Riverside
92324,Colton,San Bernardino
92327,Daggett,San Bernardino
92328,Death Valley,Inyo
92332,Essex,San Bernardino
92335,Fontana,San Bernardino
92336,Fontana,San Bernardino
92337,Fontana,San Bernardino
92338,Ludlow,San Bernardino
92339,Forest Falls,San Bernardino
92342,Helendale,San Bernardino
92344,Hesperia,San Bernardino
92345,Hesperia,San Bernardino
92346,Highland,San Bernardino
92347,Hinkley,San Bernardino
92354,Loma Linda,San Bernardino
92356,Lucerne Valley,San Bernardino
92358,Lytle Creek,San Bernardino
92359,Mentone,San Bernardino
92363,Needles,San Bernardino
92364,Nipton,San Bernardino
92365,Newberry Springs,San Bernardino
92368,Oro Grande,San Bernardino
92371,Phelan,San Bernardino
92372,Pinon Hills,San Bernardino
92373,Redlands,San Bernardino
92374,Redlands,San Bernardino
92376,Rialto,San Bernardino
92377,Rialto,San Bernardino
92392,Victorville,San Bernardino
92394,Victorville,San Bernardino
92395,Victorville,San Bernardino
92397,Wrightwood,San Bernardino
92399,Yucaipa,San Bernardino
92401,San Bernardino,San Bernardino
92404,San Bernardino,San Bernardino
92405,San Bernardino,San Bernardino
92407,San Bernardino,San Bernardino
92408,San Bernardino,San Bernardino
92410,San Bernardino,San Bernardino
92411,San Bernardino,San Bernardino
92501,Riverside,Riverside
92503,Riverside,Riverside
92504,Riverside,Riverside
92505,Riverside,Riverside
92506,Riverside,Riverside
92507,Riverside,Riverside
92508,Riverside,Riverside
92509,Jurupa Valley,Riverside
92518,March Air Reserve Base,Riverside
92530,Lake Elsinore,Riverside
92532,Lake Elsinore,Riverside
92536,Aguanga,Riverside
92539,Anza,Riverside
92543,Hemet,Riverside
92544,Hemet,Riverside
92545,Hemet,Riverside
92548,Homeland,Riverside
92551,Moreno Valley,Riverside
92553,Moreno Valley,Riverside
92555,Moreno Valley,Riverside
92557,Moreno Valley,Riverside
92561,Mountain Center,Riverside
92562,Murrieta,Riverside
92563,Murrieta,Riverside
92567,Nuevo,Riverside
92570,Perris,Riverside
92571,Perris,Riverside
92582,San Jacinto,Riverside
92583,San Jacinto,Riverside
92584,Menifee,Riverside
92585,Menifee,Riverside
92586,Menifee,Riverside
92587,Menifee,Riverside
92590,Temecula,Riverside
92591,Temecula,Riverside
92592,Temecula,Riverside
92595,Wildomar,Riverside
92596,Winchester,Riverside
92602,Irvine,Orange
92603,Irvine,Orange
92604,Irvine,Orange
92606,Irvine,Orange
92610,Foothill Ranch,Orange
92612,Irvine,Orange
92614,Irvine,Orange
92617,Irvine,Orange
92618,Irvine,Orange
92620,Irvine,Orange
92624,Capistrano Beach,Orange
92625,Corona Del Mar,Orange
92626,Costa Mesa,Orange
92627,Costa Mesa,Orange
92629,Dana Point,Orange
92630,Lake Forest,Orange
92637,Laguna Woods,Orange
92646,Huntington Beach,Orange
92647,Huntington Beach,Orange
92648,Huntington Beach,Orange
92649,Huntington Beach,Orange
92651,Laguna Beach,Orange
92653,Laguna Hills,Orange
92655,Midway City,Orange
92656,Aliso Viejo,Orange
92657,Newport Coast,Orange
92660,Newport Beach,Orange
92661,Newport Beach,Orange
92662,Newport Beach,Orange
92663,Newport Beach,Orange
92672,San Clemente,Orange
92673,San Clemente,Orange
92675,San Juan Capistrano,Orange
92676,Silverado,Orange
92677,Laguna Niguel,Orange
92679,Trabuco Canyon,Orange
92683,Westminster,Orange
92688,Rancho Santa Margarita,Orange
92691,Mission Viejo,Orange
92692,Mission Viejo,Orange
92694,Ladera Ranch,Orange
92701,Santa Ana,Orange
92703,Santa Ana,Orange
92704,Santa Ana,Orange
92705,Santa Ana,Orange
92706,Santa Ana,Orange
92707,Santa Ana,Orange
92708,Fountain Valley,Orange
92780,Tustin,Orange
92782,Tustin,Orange
92801,Anaheim,Orange
92802,Anaheim,Orange
92804,Anaheim,Orange
92805,Anaheim,Orange
92806,Anaheim,Orange
92807,Anaheim,Orange
92808,Anaheim,Orange
92821,Brea,Orange
92823,Brea,Orange
92831,Fullerton,Orange
92832,Fullerton,Orange
92833,Fullerton,Orange
92835,Fullerton,Orange
92840,Garden Grove,Orange
92841,Garden Grove,Orange
92843,Garden Grove,Orange
92844,Garden Grove,Orange
92845,Garden Grove,Orange
92860,Norco,Riverside
92861,Villa Park,Orange
92865,Orange,Orange
92866,Orange,Orange
92867,Orange,Orange
92868,Orange,Orange
92869,Orange,Orange
92870,Placentia,Orange
92879,Corona,Riverside
92880,Corona,Riverside
92881,Corona,Riverside
92882,Corona,Riverside
92883,Corona,Riverside
92886,Yorba Linda,Orange
92887,Yorba Linda,Orange
93001,Ventura,Ventura
93003,Ventura,Ventura
93004,Ventura,Ventura
93010,Camarillo,Ventura
93012,Camarillo,Ventura
93013,Carpinteria,Santa Barbara
93015,Fillmore,Ventura
93021,Moorpark,Ventura
93022,Oak View,Ventura
93023,Ojai,Ventura
93030,Oxnard,Ventura
93033,Oxnard,Ventura
93035,Oxnard,Ventura
93036,Oxnard,Ventura
93041,Port Hueneme,Ventura
93060,Santa Paula,Ventura
93063,Simi Valley,Ventura
93065,Simi Valley,Ventura
93066,Somis,Ventura
93101,Santa Barbara,Santa Barbara
93103,Santa Barbara,Santa Barbara
93105,Santa Barbara,Santa Barbara
93108,Santa Barbara,Santa Barbara
93109,Santa Barbara,Santa Barbara
93110,Santa Barbara,Santa Barbara
93111,Santa Barbara,Santa Barbara
93117,Goleta,Santa Barbara
93202,Armona,Kings
93203,Arvin,Kern
93204,Avenal,Kings
93205,Bodfish,Kern
93206,Buttonwillow,Kern
93207,California Hot Springs,Tulare
93210,Coalinga,Fresno
93212,Corcoran,Kings
93215,Delano,Kern
93219,Earlimart,Tulare
93221,Exeter,Tulare
93223,Farmersville,Tulare
93224,Fellows,Kern
93225,Frazier Park,Kern
93226,Glennville,Kern
93230,Hanford,Kings
93235,Ivanhoe,Tulare
93238,Kernville,Kern
93239,Kettleman City,Kings
93240,Lake Isabella,Kern
93241,Lamont,Kern
93242,Laton,Fresno
93243,Lebec,Kern
93244,Lemon Cove,Tulare
93245,Lemoore,Kings
93247,Lindsay,Tulare
93249,Lost Hills,Kern
93250,Mc Farland,Kern
93251,Mc Kittrick,Kern
93252,Maricopa,Kern
93254,New Cuyama,Santa Barbara
93255,Onyx,Kern
93256,Pixley,Tulare
93257,Porterville,Tulare
93260,Posey,Tulare
93262,Sequoia National Park,Tulare
93263,Shafter,Kern
93265,Springville,Tulare
93266,Stratford,Kings
93267,Strathmore,Tulare
93268,Taft,Kern
93270,Terra Bella,Tulare
93271,Three Rivers,Tulare
93272,Tipton,Tulare
93274,Tulare,Tulare
93277,Visalia,Tulare
93280,Wasco,Kern
93283,Weldon,Kern
93285,Wofford Heights,Kern
93286,Woodlake,Tulare
93287,Woody,Kern
93291,Visalia,Tulare
93292,Visalia,Tulare
93301,Bakersfield,Kern
93304,Bakersfield,Kern
93305,Bakersfield,Kern
93306,Bakersfield,Kern
93307,Bakersfield,Kern
93308,Bakersfield,Kern
93309,Bakersfield,Kern
93311,Bakersfield,Kern
93312,Bakersfield,Kern
93313,Bakersfield,Kern
93314,Bakersfield,Kern
93401,San Luis Obispo,San Luis Obispo
93402,Los Osos,San Luis Obispo
93405,San Luis Obispo,San Luis Obispo
93410,San Luis Obispo,San Luis Obispo
93420,Arroyo Grande,San Luis Obispo
93422,Atascadero,San Luis Obispo
93426,Bradley,Monterey
93427,Buellton,Santa Barbara
93428,Cambria,San Luis Obispo
93430,Cayucos,San Luis Obispo
93432,Creston,San Luis Obispo
93433,Grover Beach,San Luis Obispo
93434,Guadalupe,Santa Barbara
93436,Lompoc,Santa Barbara
93437,Lompoc,Santa Barbara
93442,Morro Bay,San Luis Obispo
93444,Nipomo,San Luis Obispo
93445,Oceano,San Luis Obispo
93446,Paso Robles,San Luis Obispo
93449,Pismo Beach,San Luis Obispo
93450,San Ardo,Monterey
93451,San Miguel,San Luis Obispo
93452,San Simeon,San Luis Obispo
93453,Santa Margarita,San Luis Obispo
93454,Santa Maria,Santa Barbara
93455,Santa Maria,Santa Barbara
93458,Santa Maria,Santa Barbara
93460,Santa Ynez,Santa Barbara
93461,Shandon,San Luis Obispo
93463,Solvang,Santa Barbara
93465,Templeton,San Luis Obispo
93501,Mojave,Kern
93505,California City,Kern
93510,Acton,Los Angeles
93512,Benton,Mono
93513,Big Pine,Inyo
93514,Bishop,Inyo
93516,Boron,Kern
93517,Bridgeport,Mono
93518,Caliente,Kern
93523,Edwards,Kern
93526,Independence,Inyo
93527,Inyokern,Kern
93531,Keene,Kern
93532,Lake Hughes,Los Angeles
93534,Lancaster,Los Angeles
93535,Lancaster,Los Angeles
93536,Lancaster,Los Angeles
93543,Littlerock,Los Angeles
93544,Llano,Los Angeles
93545,Lone Pine,Inyo
93546,Mammoth Lakes,Mono
93550,Palmdale,Los Angeles
93551,Palmdale,Los Angeles
93552,Palmdale,Los Angeles
93553,Pearblossom,Los Angeles
93555,Ridgecrest,Kern
93560,Rosamond,Kern
93561,Tehachapi,Kern
93562,Trona,San Bernardino
93563,Valyermo,Los Angeles
93591,Palmdale,Los Angeles
93601,Ahwahnee,Madera
93602,Auberry,Fresno
93603,Badger,Tulare
93604,Bass Lake,Madera
93608,Cantua Creek,Fresno
93609,Caruthers,Fresno
93610,Chowchilla,Madera
93611,Clovis,Fresno
93612,Clovis,Fresno
93614,Coarsegold,Madera
93615,Cutler,Tulare
93616,Del Rey,Fresno
93618,Dinuba,Tulare
93619,Clovis,Fresno
93620,Dos Palos,Merced
93621,Dunlap,Fresno
93622,Firebaugh,Fresno
93623,Fish Camp,Mariposa
93625,Fowler,Fresno
93626,Friant,Fresno
93628,Hume,Fresno
93630,Kerman,Fresno
93631,Kingsburg,Fresno
93635,Los Banos,Merced
93636,Madera,Madera
93637,Madera,Madera
93638,Madera,Madera
93640,Mendota,Fresno
93641,Miramonte,Fresno
93643,North Fork,Madera
93644,Oakhurst,Madera
93645,O Neals,Madera
93646,Orange Cove,Fresno
93647,Orosi,Tulare
93648,Parlier,Fresno
93650,Fresno,Fresno
93651,Prather,Fresno
93652,Raisin City,Fresno
93653,Raymond,Madera
93654,Reedley,Fresno
93656,Riverdale,Fresno
93657,Sanger,Fresno
93660,San Joaquin,Fresno
93662,Selma,Fresno
93664,Shaver Lake,Fresno
93667,Tollhouse,Fresno
93668,Tranquillity,Fresno
93669,Wishon,Madera
93675,Squaw Valley,Fresno
93701,Fresno,Fresno
93702,Fresno,Fresno
93703,Fresno,Fresno
93704,Fresno,Fresno
93705,Fresno,Fresno
93706,Fresno,Fresno
93710,Fresno,Fresno
93711,Fresno,Fresno
93720,Fresno,Fresno
93721,Fresno,Fresno
93722,Fresno,Fresno
93723,Fresno,Fresno
93725,Fresno,Fresno
93726,Fresno,Fresno
93727,Fresno,Fresno
93728,Fresno,Fresno
93730,Fresno,Fresno
93901,Salinas,Monterey
93905,Salinas,Monterey
93906,Salinas,Monterey
93907,Salinas,Monterey
93908,Salinas,Monterey
93920,Big Sur,Monterey
93923,Carmel,Monterey
93924,Carmel Valley,Monterey
93925,Chualar,Monterey
93926,Gonzales,Monterey
93927,Greenfield,Monterey
93930,King City,Monterey
93933,Marina,Monterey
93940,Monterey,Monterey
93943,Monterey,Monterey
93950,Pacific Grove,Monterey
93953,Pebble Beach,Monterey
93955,Seaside,Monterey
93960,Soledad,Monterey
94002,Belmont,San Mateo
94005,Brisbane,San Mateo
94010,Burlingame,San Mateo
94014,Daly City,San Mateo
94015,Daly City,San Mateo
94019,Half Moon Bay,San Mateo
94020,La Honda,San Mateo
94021,Loma Mar,San Mateo
94022,Los Altos,Santa Clara
94024,Los Altos,Santa Clara
94025,Menlo Park,San Mateo
94027,Atherton,San Mateo
94028,Portola Valley,San Mateo
94030,Millbrae,San Mateo
94038,Moss Beach,San Mateo
94040,Mountain View,Santa Clara
94041,Mountain View,Santa Clara
94043,Mountain View,Santa Clara
94044,Pacifica,San Mateo
94060,Pescadero,San Mateo
94061,Redwood City,San Mateo
94062,Redwood City,San Mateo
94063,Redwood City,San Mateo
94065,Redwood City,San Mateo
94066,San Bruno,San Mateo
94070,San Carlos,San Mateo
94074,San Gregorio,San Mateo
94080,South San Francisco,San Mateo
94085,Sunnyvale,Santa Clara
94086,Sunnyvale,Santa Clara
94087,Sunnyvale,Santa Clara
94089,Sunnyvale,Santa Clara
94102,San Francisco,San Francisco
94103,San Francisco,San Francisco
94104,San Francisco,San Francisco
94105,San Francisco,San Francisco
94107,San Francisco,San Francisco
94108,San Francisco,San Francisco
94109,San Francisco,San Francisco
94110,San Francisco,San Francisco
94111,San Francisco,San Francisco
94112,San Francisco,San Francisco
94114,San Francisco,San Francisco
94115,San Francisco,San Francisco
94116,San Francisco,San Francisco
94117,San Francisco,San Francisco
94118,San Francisco,San Francisco
94121,San Francisco,San Francisco
94122,San Francisco,San Francisco
94123,San Francisco,San Francisco
94124,San Francisco,San Francisco
94127,San Francisco,San Francisco
94128,San Francisco,San Mateo
94129,San Francisco,San Francisco
94130,San Francisco,San Francisco
94131,San Francisco,San Francisco
94132,San Francisco,San Francisco
94133,San Francisco,San Francisco
94134,San Francisco,San Francisco
94158,San Francisco,San Francisco
94301,Palo Alto,Santa Clara
94303,Palo Alto,Santa Clara
94304,Palo Alto,Santa Clara
94305,Stanford,Santa Clara
94306,Palo Alto,Santa Clara
94401,San Mateo,San Mateo
94402,San Mateo,San Mateo
94403,San Mateo,San Mateo
94404,San Mateo,San Mateo
94501,Alameda,Alameda
94502,Alameda,Alameda
94503,American Canyon,Napa
94505,Discovery Bay,Contra Costa
94506,Danville,Contra Costa
94507,Alamo,Contra Costa
94508,Angwin,Napa
94509,Antioch,Contra Costa
94510,Benicia,Solano
94512,Birds Landing,Solano
94513,Brentwood,Contra Costa
94514,Byron,Contra Costa
94515,Calistoga,Napa
94517,Clayton,Contra Costa
94518,Concord,Contra Costa
94519,Concord,Contra Costa
94520,Concord,Contra Costa
94521,Concord,Contra Costa
94523,Pleasant Hill,Contra Costa
94525,Crockett,Contra Costa
94526,Danville,Contra Costa
94530,El Cerrito,Contra Costa
94531,Antioch,Contra Costa
94533,Fairfield,Solano
94534,Fairfield,Solano
94535,Travis AFB,Solano
94536,Fremont,Alameda
94538,Fremont,Alameda
94539,Fremont,Alameda
94541,Hayward,Alameda
94542,Hayward,Alameda
94544,Hayward,Alameda
94545,Hayward,Alameda
94546,Castro Valley,Alameda
94547,Hercules,Contra Costa
94549,Lafayette,Contra Costa
94550,Livermore,Alameda
94551,Livermore,Alameda
94552,Castro Valley,Alameda
94553,Martinez,Contra Costa
94555,Fremont,Alameda
94556,Moraga,Contra Costa
94558,Napa,Napa
94559,Napa,Napa
94560,Newark,Alameda
94561,Oakley,Contra Costa
94563,Orinda,Contra Costa
94564,Pinole,Contra Costa
94565,Pittsburg,Contra Costa
94566,Pleasanton,Alameda
94567,Pope Valley,Napa
94568,Dublin,Alameda
94571,Rio Vista,Solano
94572,Rodeo,Contra Costa
94574,Saint Helena,Napa
94575,Moraga,Contra Costa
94576,Deer Park,Napa
94577,San Leandro,Alameda
94578,San Leandro,Alameda
94579,San Leandro,Alameda
94580,San Lorenzo,Alameda
94582,San Ramon,Contra Costa
94583,San Ramon,Contra Costa
94585,Suisun City,Solano
94586,Sunol,Alameda
94587,Union City,Alameda
94588,Pleasanton,Alameda
94589,Vallejo,Solano
94590,Vallejo,Solano
94591,Vallejo,Solano
94592,Vallejo,Solano
94595,Walnut Creek,Contra Costa
94596,Walnut Creek,Contra Costa
94597,Walnut Creek,Contra Costa
94598,Walnut Creek,Contra Costa
94599,Yountville,Napa
94601,Oakland,Alameda
94602,Oakland,Alameda
94603,Oakland,Alameda
94605,Oakland,Alameda
94606,Oakland,Alameda
94607,Oakland,Alameda
94608,Emeryville,Alameda
94609,Oakland,Alameda
94610,Oakland,Alameda
94611,Oakland,Alameda
94612,Oakland,Alameda
94618,Oakland,Alameda
94619,Oakland,Alameda
94621,Oakland,Alameda
94702,Berkeley,Alameda
94703,Berkeley,Alameda
94704,Berkeley,Alameda
94705,Berkeley,Alameda
94706,Albany,Alameda
94707,Berkeley,Alameda
94708,Berkeley,Alameda
94709,Berkeley,Alameda
94710,Berkeley,Alameda
94801,Richmond,Contra Costa
94803,El Sobrante,Contra Costa
94804,Richmond,Contra Costa
94805,Richmond,Contra Costa
94806,San Pablo,Contra Costa
94850,Richmond,Contra Costa
94901,San Rafael,Marin
94903,San Rafael,Marin
94904,Greenbrae,Marin
94920,Belvedere Tiburon,Marin
94922,Bodega,Sonoma
94923,Bodega Bay,Sonoma
94924,Bolinas,Marin
94925,Corte Madera,Marin
94928,Rohnert Park,Sonoma
94930,Fairfax,Marin
94931,Cotati,Sonoma
94937,Inverness,Marin
94939,Larkspur,Marin
94940,Marshall,Marin
94941,Mill Valley,Marin
94945,Novato,Marin
94946,Nicasio,Marin
94947,Novato,Marin
94949,Novato,Marin
94951,Penngrove,Sonoma
94952,Petaluma,Sonoma
94954,Petaluma,Sonoma
94956,Point Reyes Station,Marin
94960,San Anselmo,Marin
94965,Sausalito,Marin
94970,Stinson Beach,Marin
94972,Valley Ford,Sonoma
95003,Aptos,Santa Cruz
95004,Aromas,Monterey
95005,Ben Lomond,Santa Cruz
95006,Boulder Creek,Santa Cruz
95008,Campbell,Santa Clara
95010,Capitola,Santa Cruz
95012,Castroville,Monterey
95014,Cupertino,Santa Clara
95017,Davenport,Santa Cruz
95018,Felton,Santa Cruz
95019,Freedom,Santa Cruz
95020,Gilroy,Santa Clara
95023,Hollister,San Benito
95030,Los Gatos,Santa Clara
95032,Los Gatos,Santa Clara
95033,Los Gatos,Santa Cruz
95035,Milpitas,Santa Clara
95037,Morgan Hill,Santa Clara
95039,Moss Landing,Monterey
95043,Paicines,San Benito
95045,San Juan Bautista,San Benito
95046,San Martin,Santa Clara
95050,Santa Clara,Santa Clara
95051,Santa Clara,Santa Clara
95054,Santa Clara,Santa Clara
95060,Santa Cruz,Santa Cruz
95062,Santa Cruz,Santa Cruz
95064,Santa Cruz,Santa Cruz
95065,Santa Cruz,Santa Cruz
95066,Scotts Valley,Santa Cruz
95070,Saratoga,Santa Clara
95073,Soquel,Santa Cruz
95075,Tres Pinos,San Benito
95076,Watsonville,Santa Cruz
95110,San Jose,Santa Clara
95111,San Jose,Santa Clara
95112,San Jose,Santa Clara
95113,San Jose,Santa Clara
95116,San Jose,Santa Clara
95117,San Jose,Santa Clara
95118,San Jose,Santa Clara
95119,San Jose,Santa Clara
95120,San Jose,Santa Clara
95121,San Jose,Santa Clara
95122,San Jose,Santa Clara
95123,San Jose,Santa Clara
95124,San Jose,Santa Clara
95125,San Jose,Santa Clara
95126,San Jose,Santa Clara
95127,San Jose,Santa Clara
95128,San Jose,Santa Clara
95129,San Jose,Santa Clara
95130,San Jose,Santa Clara
95131,San Jose,Santa Clara
95132,San Jose,Santa Clara
95133,San Jose,Santa Clara
95134,San Jose,Santa Clara
95135,San Jose,Santa Clara
95136,San Jose,Santa Clara
95138,San Jose,Santa Clara
95139,San Jose,Santa Clara
95140,Mount Hamilton,Santa Clara
95148,San Jose,Santa Clara
95202,Stockton,San Joaquin
95203,Stockton,San Joaquin
95204,Stockton,San Joaquin
95205,Stockton,San Joaquin
95206,Stockton,San Joaquin
95207,Stockton,San Joaquin
95209,Stockton,San Joaquin
95210,Stockton,San Joaquin
95212,Stockton,San Joaquin
95215,Stockton,San Joaquin
95219,Stockton,San Joaquin
95220,Acampo,San Joaquin
95222,Angels Camp,Calaveras
95223,Arnold,Calaveras
95228,Copperopolis,Calaveras
95230,Farmington,San Joaquin
95231,French Camp,San Joaquin
95232,Glencoe,Calaveras
95236,Linden,San Joaquin
95237,Lockeford,San Joaquin
95240,Lodi,San Joaquin
95242,Lodi,San Joaquin
95245,Mokelumne Hill,Calaveras
95246,Mountain Ranch,Calaveras
95247,Murphys,Calaveras
95249,San Andreas,Calaveras
95251,Vallecito,Calaveras
95252,Valley Springs,Calaveras
95255,West Point,Calaveras
95257,Wilseyville,Calaveras
95258,Woodbridge,San Joaquin
95301,Atwater,Merced
95303,Ballico,Merced
95304,Tracy,San Joaquin
95306,Catheys Valley,Mariposa
95307,Ceres,Stanislaus
95310,Columbia,Tuolumne
95311,Coulterville,Mariposa
95313,Crows Landing,Stanislaus
95315,Delhi,Merced
95316,Denair,Stanislaus
95317,El Nido,Merced
95320,Escalon,San Joaquin
95321,Groveland,Tuolumne
95322,Gustine,Merced
95323,Hickman,Stanislaus
95324,Hilmar,Merced
95325,Hornitos,Mariposa
95326,Hughson,Stanislaus
95327,Jamestown,Tuolumne
95328,Keyes,Stanislaus
95329,La Grange,Stanislaus
95330,Lathrop,San Joaquin
95333,Le Grand,Merced
95334,Livingston,Merced
95335,Long Barn,Tuolumne
95336,Manteca,San Joaquin
95337,Manteca,San Joaquin
95338,Mariposa,Mariposa
95340,Merced,Merced
95341,Merced,Merced
95345,Midpines,Mariposa
95346,Mi Wuk Village,Tuolumne
95348,Merced,Merced
95350,Modesto,Stanislaus
95351,Modesto,Stanislaus
95354,Modesto,Stanislaus
95355,Modesto,Stanislaus
95356,Modesto,Stanislaus
95357,Modesto,Stanislaus
95358,Modesto,Stanislaus
95360,Newman,Stanislaus
95361,Oakdale,Stanislaus
95363,Patterson,Stanislaus
95364,Pinecrest,Tuolumne
95365,Planada,Merced
95366,Ripon,San Joaquin
95367,Riverbank,Stanislaus
95368,Salida,Stanislaus
95369,Snelling,Merced
95370,Sonora,Tuolumne
95372,Soulsbyville,Tuolumne
95374,Stevinson,Merced
95376,Tracy,San Joaquin
95377,Tracy,San Joaquin
95379,Tuolumne,Tuolumne
95380,Turlock,Stanislaus
95382,Turlock,Stanislaus
95383,Twain Harte,Tuolumne
95385,Vernalis,San Joaquin
95386,Waterford,Stanislaus
95388,Winton,Merced
95389,Yosemite National Park,Mariposa
95391,Tracy,San Joaquin
95401,Santa Rosa,Sonoma
95403,Santa Rosa,Sonoma
95404,Santa Rosa,Sonoma
95405,Santa Rosa,Sonoma
95407,Santa Rosa,Sonoma
95409,Santa Rosa,Sonoma
95410,Albion,Mendocino
95412,Annapolis,Sonoma
95415,Boonville,Mendocino
95417,Branscomb,Mendocino
95420,Caspar,Mendocino
95421,Cazadero,Sonoma
95422,Clearlake,Lake
95423,Clearlake Oaks,Lake
95425,Cloverdale,Sonoma
95427,Comptche,Mendocino
95428,Covelo,Mendocino
95429,Dos Rios,Mendocino
95432,Elk,Mendocino
95436,Forestville,Sonoma
95437,Fort Bragg,Mendocino
95439,Fulton,Sonoma
95441,Geyserville,Sonoma
95442,Glen Ellen,Sonoma
95443,Glenhaven,Lake
95444,Graton,Sonoma
95445,Gualala,Mendocino
95446,Guerneville,Sonoma
95448,Healdsburg,Sonoma
95449,Hopland,Mendocino
95450,Jenner,Sonoma
95451,Kelseyville,Lake
95452,Kenwood,Sonoma
95453,Lakeport,Lake
95454,Laytonville,Mendocino
95456,Little River,Mendocino
95457,Lower Lake,Lake
95458,Lucerne,Lake
95459,Manchester,Mendocino
95460,Mendocino,Mendocino
95461,Middletown,Lake
95462,Monte Rio,Sonoma
95463,Navarro,Mendocino
95464,Nice,Lake
95465,Occidental,Sonoma
95466,Philo,Mendocino
95467,Hidden Valley Lake,Lake
95468,Point Arena,Mendocino
95469,Potter Valley,Mendocino
95470,Redwood Valley,Mendocino
95472,Sebastopol,Sonoma
95476,Sonoma,Sonoma
95482,Ukiah,Mendocino
95485,Upper Lake,Lake
95488,Westport,Mendocino
95490,Willits,Mendocino
95492,Windsor,Sonoma
95493,Witter Springs,Lake
95494,Yorkville,Mendocino
95501,Eureka,Humboldt
95503,Eureka,Humboldt
95511,Alderpoint,Humboldt
95514,Blocksburg,Humboldt
95519,Mckinleyville,Humboldt
95521,Arcata,Humboldt
95524,Bayside,Humboldt
95525,Blue Lake,Humboldt
95526,Bridgeville,Humboldt
95527,Burnt Ranch,Trinity
95528,Carlotta,Humboldt
95531,Crescent City,Del Norte
95536,Ferndale,Humboldt
95540,Fortuna,Humboldt
95542,Garberville,Humboldt
95543,Gasquet,Del Norte
95546,Hoopa,Humboldt
95547,Hydesville,Humboldt
95548,Klamath,Del Norte
95549,Kneeland,Humboldt
95550,Korbel,Humboldt
95551,Loleta,Humboldt
95552,Mad River,Trinity
95554,Myers Flat,Humboldt
95555,Orick,Humboldt
95558,Petrolia,Humboldt
95560,Redway,Humboldt
95562,Rio Dell,Humboldt
95564,Samoa,Humboldt
95565,Scotia,Humboldt
95567,Smith River,Del Norte
95568,Somes Bar,Siskiyou
95569,Redcrest,Humboldt
95570,Trinidad,Humboldt
95573,Willow Creek,Humboldt
95585,Leggett,Mendocino
95587,Piercy,Mendocino
95589,Whitethorn,Humboldt
95595,Zenia,Trinity
95602,Auburn,Placer
95603,Auburn,Placer
95605,West Sacramento,Yolo
95606,Brooks,Yolo
95607,Capay,Yolo
95608,Carmichael,Sacramento
95610,Citrus Heights,Sacramento
95612,Clarksburg,Yolo
95614,Cool,El Dorado
95615,Courtland,Sacramento
95616,Davis,Yolo
95618,Davis,Yolo
95619,Diamond Springs,El Dorado
95620,Dixon,Solano
95621,Citrus Heights,Sacramento
95623,El Dorado,El Dorado
95624,Elk Grove,Sacramento
95626,Elverta,Sacramento
95627,Esparto,Yolo
95628,Fair Oaks,Sacramento
95629,Fiddletown,Amador
95630,Folsom,Sacramento
95631,Foresthill,Placer
95632,Galt,Sacramento
95633,Garden Valley,El Dorado
95634,Georgetown,El Dorado
95635,Greenwood,El Dorado
95636,Grizzly Flats,El Dorado
95637,Guinda,Yolo
95638,Herald,Sacramento
95640,Ione,Amador
95641,Isleton,Sacramento
95642,Jackson,Amador
95645,Knights Landing,Yolo
95648,Lincoln,Placer
95650,Loomis,Placer
95651,Lotus,El Dorado
95652,Mcclellan,Sacramento
95655,Mather,Sacramento
95658,Newcastle,Placer
95659,Nicolaus,Sutter
95660,North Highlands,Sacramento
95661,Roseville,Placer
95662,Orangevale,Sacramento
95663,Penryn,Placer
95664,Pilot Hill,El Dorado
95665,Pine Grove,Amador
95666,Pioneer,Amador
95667,Placerville,El Dorado
95668,Pleasant Grove,Sutter
95669,Plymouth,Amador
95670,Rancho Cordova,Sacramento
95672,Rescue,El Dorado
95673,Rio Linda,Sacramento
95674,Rio Oso,Sutter
95677,Rocklin,Placer
95678,Roseville,Placer
95681,Sheridan,Placer
95682,Shingle Springs,El Dorado
95683,Sloughhouse,Sacramento
95684,Somerset,El Dorado
95685,Sutter Creek,Amador
95687,Vacaville,Solano
95688,Vacaville,Solano
95689,Volcano,Amador
95690,Walnut Grove,Sacramento
95691,West Sacramento,Yolo
95692,Wheatland,Yuba
95693,Wilton,Sacramento
95694,Winters,Yolo
95695,Woodland,Yolo
95703,Applegate,Placer
95709,Camino,El Dorado
95713,Colfax,Placer
95720,Kyburz,El Dorado
95722,Meadow Vista,Placer
95726,Pollock Pines,El Dorado
95735,Twin Bridges,El Dorado
95742,Rancho Cordova,Sacramento
95746,Granite Bay,Placer
95747,Roseville,Placer
95757,Elk Grove,Sacramento
95758,Elk Grove,Sacramento
95762,El Dorado Hills,El Dorado
95765,Rocklin,Placer
95776,Woodland,Yolo
95811,Sacramento,Sacramento
95814,Sacramento,Sacramento
95815,Sacramento,Sacramento
95816,Sacramento,Sacramento
95817,Sacramento,Sacramento
95818,Sacramento,Sacramento
95819,Sacramento,Sacramento
95820,Sacramento,Sacramento
95821,Sacramento,Sacramento
95822,Sacramento,Sacramento
95823,Sacramento,Sacramento
95824,Sacramento,Sacramento
95825,Sacramento,Sacramento
95826,Sacramento,Sacramento
95827,Sacramento,Sacramento
95828,Sacramento,Sacramento
95829,Sacramento,Sacramento
95830,Sacramento,Sacramento
95831,Sacramento,Sacramento
95832,Sacramento,Sacramento
95833,Sacramento,Sacramento
95834,Sacramento,Sacramento
95835,Sacramento,Sacramento
95837,Sacramento,Sacramento
95838,Sacramento,Sacramento
95841,Sacramento,Sacramento
95842,Sacramento,Sacramento
95843,Antelope,Sacramento
95864,Sacramento,Sacramento
95901,Marysville,Yuba
95903,Beale AFB,Yuba
95910,Alleghany,Sierra
95912,Arbuckle,Colusa
95914,Bangor,Butte
95916,Berry Creek,Butte
95917,Biggs,Butte
95918,Browns Valley,Yuba
95919,Brownsville,Yuba
95920,Butte City,Glenn
95922,Camptonville,Yuba
95923,Canyon Dam,Plumas
95925,Challenge,Yuba
95926,Chico,Butte
95928,Chico,Butte
95930,Clipper Mills,Butte
95932,Colusa,Colusa
95934,Crescent Mills,Plumas
95935,Dobbins,Yuba
95938,Durham,Butte
95939,Elk Creek,Glenn
95941,Forbestown,Butte
95942,Forest Ranch,Butte
95943,Glenn,Glenn
95945,Grass Valley,Nevada
95946,Penn Valley,Nevada
95947,Greenville,Plumas
95948,Gridley,Butte
95949,Grass Valley,Nevada
95953,Live Oak,Sutter
95954,Magalia,Butte
95957,Meridian,Sutter
95959,Nevada City,Nevada
95960,North San Juan,Nevada
95961,Olivehurst,Yuba
95962,Oregon House,Yuba
95963,Orland,Glenn
95965,Oroville,Butte
95966,Oroville,Butte
95968,Palermo,Butte
95969,Paradise,Butte
95970,Princeton,Colusa
95971,Quincy,Plumas
95973,Chico,Butte
95975,Rough And Ready,Nevada
95977,Smartsville,Nevada
95979,Stonyford,Colusa
95981,Strawberry Valley,Yuba
95982,Sutter,Sutter
95983,Taylorsville,Plumas
95987,Williams,Colusa
95988,Willows,Glenn
95991,Yuba City,Sutter
95993,Yuba City,Sutter
96001,Redding,Shasta
96002,Redding,Shasta
96003,Redding,Shasta
96006,Adin,Modoc
96007,Anderson,Shasta
96008,Bella Vista,Shasta
96010,Big Bar,Trinity
96013,Burney,Shasta
96014,Callahan,Siskiyou
96015,Canby,Modoc
96016,Cassel,Shasta
96017,Castella,Shasta
96019,Shasta Lake,Shasta
96020,Chester,Plumas
96021,Corning,Tehama
96022,Cottonwood,Shasta
96023,Dorris,Siskiyou
96024,Douglas City,Trinity
96025,Dunsmuir,Siskiyou
96027,Etna,Siskiyou
96028,Fall River Mills,Shasta
96029,Flournoy,Tehama
96031,Forks Of Salmon,Siskiyou
96032,Fort Jones,Siskiyou
96033,French Gulch,Shasta
96034,Gazelle,Siskiyou
96035,Gerber,Tehama
96038,Grenada,Siskiyou
96039,Happy Camp,Siskiyou
96040,Hat Creek,Shasta
96041,Hayfork,Trinity
96044,Hornbrook,Siskiyou
96047,Igo,Shasta
96048,Junction City,Trinity
96050,Klamath River,Siskiyou
96051,Lakehead,Shasta
96052,Lewiston,Trinity
96055,Los Molinos,Tehama
96056,Mcarthur,Shasta
96057,Mccloud,Siskiyou
96058,Macdoel,Siskiyou
96059,Manton,Tehama
96061,Mill Creek,Tehama
96062,Millville,Shasta
96064,Montague,Siskiyou
96065,Montgomery Creek,Shasta
96067,Mount Shasta,Siskiyou
96069,Oak Run,Shasta
96071,Old Station,Shasta
96073,Palo Cedro,Shasta
96075,Paynes Creek,Tehama
96076,Platina,Shasta
96080,Red Bluff,Tehama
96085,Scott Bar,Siskiyou
96086,Seiad Valley,Siskiyou
96088,Shingletown,Shasta
96091,Trinity Center,Trinity
96094,Weed,Siskiyou
96096,Whitmore,Shasta
96097,Yreka,Siskiyou
96101,Alturas,Modoc
96103,Blairsden Graeagle,Plumas
96104,Cedarville,Modoc
96105,Chilcoot,Plumas
96107,Coleville,Mono
96108,Davis Creek,Modoc
96109,Doyle,Lassen
96112,Fort Bidwell,Modoc
96114,Janesville,Lassen
96115,Lake City,Modoc
96117,Litchfield,Lassen
96118,Loyalton,Sierra
96120,Markleeville,Alpine
96121,Milford,Lassen
96122,Portola,Plumas
96123,Ravendale,Lassen
96124,Calpine,Sierra
96125,Sierra City,Sierra
96128,Standish,Lassen
96129,Beckwourth,Plumas
96130,Susanville,Lassen
96132,Termo,Lassen
96133,Topaz,Mono
96134,Tulelake,Siskiyou
96136,Wendel,Lassen
96137,Westwood,Lassen
96146,Olympic Valley,Placer
96150,South Lake Tahoe,El Dorado
96161,Truckee,Nevada